{
    "data":{
        "index":{
            "array":[0,1,2,3,4,5,6,7,8,9,10,11,12,13,14,15,16,17,18,19,20,21,22,23,24,25,26,27,28,29,30,31,32,33,34,35],
            "type":"Uint16Array",
            "itemSize":1
        },
        "attributes":{
            "normal":{
                "array":[-1.20957e-14,-1,6.34974e-08,-1.20957e-14,-1,6.34974e-08,-1.20957e-14,-1,6.34974e-08,1.61277e-14,1,-6.34974e-08,1.61277e-14,1,-6.34974e-08,1.61277e-14,1,-6.34974e-08,1,-2.53989e-07,1.61277e-14,1,-2.53989e-07,1.61277e-14,1,-2.53989e-07,1.61277e-14,-9.5246e-08,-2.22241e-07,1,-9.5246e-08,-2.22241e-07,1,-9.5246e-08,-2.22241e-07,1,-1,-1.58743e-07,-2.53989e-07,-1,-1.58743e-07,-2.53989e-07,-1,-1.58743e-07,-2.53989e-07,2.53989e-07,1.58743e-07,-1,2.53989e-07,1.58743e-07,-1,2.53989e-07,1.58743e-07,-1,-6.04787e-15,-1,6.34974e-08,-6.04787e-15,-1,6.34974e-08,-6.04787e-15,-1,6.34974e-08,3.02394e-14,1,-6.34974e-08,3.02394e-14,1,-6.34974e-08,3.02394e-14,1,-6.34974e-08,1,3.17487e-07,5.71476e-07,1,3.17487e-07,5.71476e-07,1,3.17487e-07,5.71476e-07,-4.7623e-07,1.58743e-07,1,-4.7623e-07,1.58743e-07,1,-4.7623e-07,1.58743e-07,1,-1,-1.26995e-07,-2.22241e-07,-1,-1.26995e-07,-2.22241e-07,-1,-1.26995e-07,-2.22241e-07,2.22241e-07,1.26995e-07,-1,2.22241e-07,1.26995e-07,-1,2.22241e-07,1.26995e-07,-1],
                "type":"Float32Array",
                "itemSize":3
            },
            "position":{
                "array":[30.0382,-30.0382,-30.0382,-30.0382,-30.0382,30.0382,-30.0382,-30.0382,-30.0382,-30.0382,30.0382,-30.0382,30.0382,30.0382,30.0383,30.0383,30.0382,-30.0382,30.0383,30.0382,-30.0382,30.0382,-30.0382,30.0382,30.0382,-30.0382,-30.0382,30.0382,30.0382,30.0383,-30.0382,-30.0382,30.0382,30.0382,-30.0382,30.0382,-30.0382,-30.0382,30.0382,-30.0382,30.0382,-30.0382,-30.0382,-30.0382,-30.0382,30.0382,-30.0382,-30.0382,-30.0382,30.0382,-30.0382,30.0383,30.0382,-30.0382,30.0382,-30.0382,-30.0382,30.0382,-30.0382,30.0382,-30.0382,-30.0382,30.0382,-30.0382,30.0382,-30.0382,-30.0382,30.0382,30.0382,30.0382,30.0382,30.0383,30.0383,30.0382,-30.0382,30.0382,30.0382,30.0383,30.0382,-30.0382,30.0382,30.0382,30.0382,30.0383,-30.0382,30.0382,30.0382,-30.0382,-30.0382,30.0382,-30.0382,-30.0382,30.0382,-30.0382,30.0382,30.0382,-30.0382,30.0382,-30.0382,30.0382,-30.0382,-30.0382,-30.0382,-30.0382,-30.0382,-30.0382,30.0382,-30.0382],
                "type":"Float32Array",
                "itemSize":3
            }
        },
        "groups":[{
            "count":36,
            "materialIndex":0,
            "start":0
        }]
    },
    "metadata":{
        "normal":36,
        "type":"BufferGeometry",
        "version":3,
        "generator":"io_three",
        "position":36
    }
}